{"cameraMode":{"drawMode":0,"name":"Shaded","section":"Shading Mode"},"sceneLighting":false,"audioPlay":false,"sceneViewState":{"showFog":true,"showMaterialUpdate":false,"showSkybox":false,"showFlares":true,"showImageEffects":true,"showParticleSystems":true},"in2DMode":false,"pivot":{"x":2.8193187713623049,"y":0.6562786102294922,"z":-0.2743881940841675},"rotation":{"x":-0.016801880672574045,"y":-0.029393164440989496,"z":0.0004960061050951481,"w":-0.9994338750839233},"size":34.16576385498047,"orthographic":false}